volumeto,high,low,time,volumefrom,close,open
588757.1,10.9,10.4,1351900800,55260.02,10.75,10.47
924546.75,11.22,10.67,1352160000,84788,10.93,10.75
442782.2,10.98,10.7,1352419200,40843.05,10.87,10.93
884086.1,11.18,10.77,1352678400,80517.77,10.95,10.87
1245817.82,11.8,10.86,1352937600,109259.78,11.79,10.95
795268.98,11.84,11.57,1353196800,67932.25,11.73,11.79
1162262.54,12.43,11.64,1353456000,96497,12.35,11.73
985801.06,12.65,11.89,1353715200,79507.9,12.25,12.35
1108145.7,12.6,11.9,1353974400,90388.24,12.45,12.25
666687.06,12.69,12.42,1354233600,53058.66,12.5,12.45
1555848.96,13.5,12.48,1354492800,119800.25,13.38,12.5
1238201.58,13.69,12.9,1354752000,92533.62,13.42,13.38
1082442.85,13.67,13.02,1355011200,80877.4,13.56,13.42
1794944.88,13.9,13,1355270400,132020.89,13.6,13.56
1615659.8,13.67,12.75,1355529600,121579.46,13.25,13.6
1273853.88,13.72,13.11,1355788800,95007.97,13.52,13.25
857987.64,13.6,13.01,1356048000,64092.07,13.31,13.52
609929.6,13.47,13.14,1356307200,45697.97,13.47,13.31
938257.46,13.67,13.25,1356566400,69784.2,13.4,13.47
739955.46,13.59,13.16,1356825600,55220.2,13.3,13.4
877886.39,13.52,13.16,1357084800,65640.98,13.5,13.3
802512.85,13.59,13.31,1357344000,59548.78,13.59,13.5
1708206.58,14.32,13.5,1357603200,123215.78,14.14,13.59
1492983.81,14.35,13.91,1357862400,105696.53,14.12,14.14
1708374.76,14.73,13.99,1358121600,119202.67,14.73,14.12
2407508.65,15.99,14.63,1358380800,156175.81,15.62,14.73
2462041.22,17.59,15.51,1358640000,148459.47,17.26,15.62
5250300.58,19.19,15.39,1358899200,302215.96,17.4,17.26
2074246.59,18.88,16.54,1359158400,116246.86,18.72,17.4
4570228.32,21.43,18.7,1359417600,230373.61,20.41,18.72
3295794.04,21.13,18,1359676800,164663.43,20.59,20.41
2763916.04,21.33,19.86,1359936000,133421.18,21.18,20.59
3365178.3,23.99,20.77,1360195200,151046.71,23.65,21.18
3896533.7,25.83,22.67,1360454400,160192.73,25.17,23.65
7403111.28,27.6,21.72,1360713600,287599.1,27.1,25.17
3340902.98,27.5,25,1360972800,125613.43,26.95,27.1
4937578.39,29.98,26.8,1361232000,171639.12,29.75,26.95
4862115.7,31.3,28,1361491200,163504.75,29.89,29.75
3085855.18,31.7,29.55,1361750400,100116.06,30.9,29.89
6740483.06,34.9,30.9,1362009600,202966.04,34.25,30.9
5447883.02,40.65,33.8,1362268800,144721.6,40.33,34.25
14184829.94,49.1,33.3,1362528000,330863.77,44.18,40.33
5694778.84,48.47,43.41,1362787200,122229.32,48.4,44.18
12065788.23,48.4,36.65,1363046400,269968.07,47.17,48.4
2379765.54,47.74,46.27,1363305600,50538.03,47.4,47.17
15163585.21,66,47.12,1363564800,270152.54,64.49,47.4
21115559.31,74.9,52.35,1363824000,317967.44,64.35,64.49
13195004.06,79.72,62.7,1364083200,178433.66,78.5,64.35
25774957.45,95.7,75,1364342400,295664.4,90.5,78.5
14439075.62,106,87,1364601600,148977.28,104,90.5
39904179.63,147,99,1364860800,322360.93,132.12,104
21551748.37,164.9,130.24,1365120000,147831.92,162.3,132.12
78574206.57,266,105,1365379200,410267.7,165,162.3
92763827.94,188.7,54.25,1365638400,913563.33,93,165
74206364.06,110,50.01,1365897600,975297.29,68.36,93
75497099.52,136.43,63.3,1366156800,757772.71,118.48,68.36
28557252.8,132,110,1366416000,232648.93,127.4,118.48
76837398.86,166.43,120.09,1366675200,529694.22,141.71,127.4
28582168.42,144.99,121.45,1366934400,216414.09,134.44,141.71
40902505.65,149.08,104,1367193600,315447.34,116.38,134.44
61588075.92,126.9,79,1367452800,613269.3,112.9,116.38
42069552.86,124.9,97.52,1367712000,373944.66,109.6,112.9
19151549.89,122.5,108.8,1367971200,166152.78,117.7,109.6
8665522.49,118.88,112.4,1368230400,74816.56,117.98,117.7
28310616.46,119.8,103.02,1368489600,250974.75,118.21,117.98
14920758.35,125.56,116.57,1368748800,122347.87,122.5,118.21
6008701.45,124.5,120.1,1369008000,49011.21,123.8,122.5
11309822.79,133.98,123,1369267200,87729.23,131.99,123.8
12105858.23,136,124,1369526400,92988.25,129,131.99
7830335.89,132.72,126.33,1369785600,60523.23,128.82,129
16590570.23,130.1,115,1370044800,136390.59,120.74,128.82
7324817.49,123.99,117,1370304000,60689.4,118.97,120.74
23893923.68,119.13,88,1370563200,232417.56,100.44,118.97
10448801.69,112.25,95,1370822400,98151.67,108.78,100.44
9097993.75,110.3,97.1,1371081600,89021.63,99.8,108.78
8910490.21,113.3,98.9,1371340800,84462.41,107.35,99.8
10932186.89,115.01,104.66,1371600000,98727,109.5,107.35
4966141.82,109.96,100.76,1371859200,47229.83,102.09,109.5
12643983.67,109.98,100,1372118400,121671.17,101.74,102.09
7927049.44,101.79,92.25,1372377600,81879.4,97.51,101.74
13482174.07,98.18,76,1372636800,154547.53,78.89,97.51
14339994.12,84.27,65.42,1372896000,195647.24,69.66,78.89
10045562.36,80,66.6,1373155200,134466.26,76.7,69.66
17859196.45,104.17,75.53,1373414400,197190.83,93.99,76.7
7798093.49,101.94,87.76,1373673600,81304.47,98.89,93.99
8745359.51,100.73,86.2,1373932800,93302.29,90.07,98.89
4197395.17,95.2,87.6,1374192000,45881.68,92,90.07
4555483.05,97.13,89.8,1374451200,48312.49,95.09,92
4682006.59,97.48,93,1374710400,48784.25,94.4,95.09
9553237.48,107.99,94,1374969600,94817.13,107.96,94.4
9390897.93,111.65,101.21,1375228800,88021.54,104.5,107.96
3241062.44,107.77,102,1375488000,30716.91,106.72,104.5
4726075.41,107.5,100.96,1375747200,45143.82,103.05,106.72
2504330.34,105.79,101.94,1376006400,24203.6,105,103.05
9835506.96,115,103.5,1376265600,89400.32,112.56,105
4675110.77,114,108.21,1376524800,42181.24,112.75,112.56
10293427.16,123.75,111.77,1376784000,86976.33,121.2,112.75
7780762.96,125,118.44,1377043200,64070.29,118.51,121.2
3359267.77,122.99,118.02,1377302400,27839.93,120.07,118.51
9569260.87,133,120,1377561600,74632.21,129.3,120.07
12758668.64,148.7,128.56,1377820800,91315,146.01,129.3
7953337.63,148.91,130.09,1378080000,56405.36,132.51,146.01
7793817.62,137.97,121.25,1378339200,60389.71,128.99,132.51
6019581.32,137.48,124,1378598400,45908.61,132.62,128.99
11462504.51,145.9,127.5,1378857600,82202.46,140.66,132.62
3604536.91,142.23,135.04,1379116800,25944.83,139.42,140.66
5534909.59,142,131.14,1379376000,40153.71,135.05,139.42
2949608.31,137.28,131,1379635200,22029.35,134,135.05
3241853.72,138,132,1379894400,24091.86,135,134
6563427.06,143,134.71,1380153600,47333.93,142.5,135
6023250.99,145.81,138.12,1380412800,42301.49,140.3,142.5
20868959.83,141.93,109.7,1380672000,165095.57,136.82,140.3
2351458.94,139,134.1,1380931200,17247.22,135.8,136.82
4690213.29,142.1,135.65,1381190400,33797.27,140.41,135.8
4914628.49,147.65,138.87,1381449600,34442.8,147.53,140.41
13565517.06,162.99,144.2,1381708800,88507.62,152.82,147.53
16696586.78,195.8,150.75,1381968000,97044.49,183.15,152.82
13462484.06,205.5,177.24,1382227200,69384.78,202.99,183.15
35110001.25,233.38,175.3,1382486400,173393.28,197.88,202.99
7243647.29,209.79,186.99,1382745600,36315.85,206.9,197.88
6094460.84,216.5,203.99,1383004800,28778.86,211.17,206.9
4988035.85,226.95,209.71,1383264000,23034.15,224,211.17
25486314.6,272.52,221.95,1383523200,101973.54,264.1,224
59082684.38,394.99,263.6,1383782400,180676.23,367.79,264.1
38865710.87,391.79,289.96,1384041600,114280.06,380.04,367.79
40507110.84,457.92,372.17,1384300800,95547.98,433.92,380.04
67539932.16,787.93,427.98,1384560000,117925.01,785.43,433.92
146971958.16,900.92,453.29,1384819200,229428.34,764.91,785.43
61371079.36,890.03,682.28,1385078400,77412.87,795.01,764.91
87593166.13,1094.78,758.95,1385337600,95854.35,1079.89,795.01
106209618.62,1241.92,1032.06,1385596800,91199.43,1205.66,1079.89
144345112.22,1216.84,840.27,1385856000,136307.43,1154.86,1205.66
132449848.48,1239.86,800.07,1386115200,128258.15,845.02,1154.86
118324689.01,980.03,576.03,1386374400,156498.36,918.95,845.02
53584502.19,1067.7,839.51,1386633600,56376.78,899.98,918.95
40007814.51,989.89,837.98,1386892800,44127.32,919.88,899.98
118362088,924.94,454.86,1387152000,183543,540.98,919.88
63821509.9,774.39,522.44,1387411200,95258.03,640.48,540.98
25551243.23,729.94,614.95,1387670400,37642.9,702.75,640.48
33004710.5,836.83,673.93,1387929600,42758.19,803.05,702.75
23988249.65,818.83,715.6,1388188800,30860.27,804.83,803.05
26784768.82,886.21,770.97,1388448000,32735.92,856.91,804.83
41983620.51,1029.86,839.44,1388707200,45322.22,1014.74,856.91
58318414.22,1093.44,858.9,1388966400,59836.38,938.84,1014.74
30059902.5,1010.84,866.55,1389225600,31948.06,1005.32,938.84
22801615.44,1022.67,879.94,1389484800,24375.13,919.28,1005.32
20371177.81,973.09,867.22,1389744000,22244.1,894.16,919.28
22546674.95,980.54,884.74,1390003200,24018.46,955.95,894.16
12632065.82,974.25,934.95,1390262400,13341.99,944.16,955.95
26535761.09,1038.06,902.89,1390521600,27452.25,1007,944.16
23065207.98,1021.45,911.65,1390780800,24411.49,925.67,1007
13170077.11,969.19,909.46,1391040000,14099.79,940.42,925.67
8347863.4,959.58,900.76,1391299200,8982.27,926.64,940.42
58998157.62,939.75,651.73,1391558400,76064.2,695.65,926.64
53024086.64,719.26,500.04,1391817600,82891.25,582.63,695.65
35644919.43,609.71,451.33,1392076800,66969.38,451.44,582.63
69650921.85,540.03,220.37,1392336000,202617.37,299.8,451.44
39280652.87,411.21,248.31,1392595200,131819.58,261.53,299.8
38562495.36,290.59,91.66,1392854400,256944.3,255.59,261.53
33081015.53,349.15,102.33,1393113600,164094.81,135.78,255.59
1027628.76,650,522.84,1393372800,1606.15,573.94,135.78
1514806.57,695.44,262.77,1393632000,2494.2,662.18,573.94
3170517.7,686.22,636.22,1393891200,4692.62,648.26,662.18
4044266.36,655.2,588.58,1394150400,6453.2,627.05,648.26
5192107.24,640.79,594.7,1394409600,8254.79,619.43,627.05
6851358.57,636.13,609.18,1394668800,10873.02,624.03,619.43
6516834.71,627.28,585.66,1394928000,10527.15,598.93,624.03
6810075.29,607.08,540.22,1395187200,11643.18,549.6,598.93
6388898.24,572.52,531.27,1395446400,11568.14,567.56,549.6
6270696.6,575.42,460.45,1395705600,11354.11,460.45,567.56
5879816.48,514.95,424.03,1395964800,12258.78,446.92,460.45
5700582.07,487.35,409.25,1396224000,12501.41,424.37,446.92
3365816.03,461.17,386.67,1396483200,7745.98,456.63,424.37
5332434.14,485.06,446.3,1396742400,11452.38,466.56,456.63
5531659.13,479.66,355.71,1397001600,12692.22,435.14,466.56
7982916.2,497.83,409.85,1397260800,17785.1,478.38,435.14
12236099.5,549.05,466.43,1397520000,24061.78,502,478.38
12146953.86,522.22,472,1397779200,24419.97,498.51,502
8853717.49,524.67,482.25,1398038400,17776.95,487.3,498.51
8233142.45,507.33,438.33,1398297600,17568,457.87,487.3
6830229.01,461.4,420.78,1398556800,15224.61,446.12,457.87
5279545.21,464.49,430.89,1398816000,11660.66,453.67,446.12
3942189.74,454.2,426.37,1399075200,8992.52,430.87,453.67
5153830.14,458.78,420.23,1399334400,11758.87,441.11,430.87
2069156.62,459.46,429.02,1399593600,4604.72,433.23,441.11
2752368.63,444.28,430.19,1399852800,6238.99,442.63,433.23
2565307.43,455.94,441.47,1400112000,5632.15,452.79,442.63
2140014.78,486.23,437.25,1400371200,4699.59,484.57,452.79
3735518.66,540.88,481.73,1400630400,7282.93,518.09,484.57
4243547.05,586.41,510.42,1400889600,7689.96,582.01,518.09
6123552.35,586.22,555.28,1401148800,10657.17,564.42,582.01
8749688.47,674.98,564.02,1401408000,14167.9,649.79,564.42
9135839.38,676.47,602.1,1401667200,14091.85,638.93,649.79
7102553.02,665.39,635.59,1401926400,10766.02,651.67,638.93
6634571.08,661.44,639.08,1402185600,10130.56,655.62,651.67
10032241.05,663.04,591.12,1402444800,15933.02,610.35,655.62
7661468.11,613.77,560.85,1402704000,12933.39,599.08,610.35
7291312.36,614.4,594.86,1402963200,11912.79,600.17,599.08
3927434.45,610.08,584.82,1403222400,6473.62,603.62,600.17
5233135.91,604.65,566.88,1403481600,8821.05,568.45,603.62
6194852.3,608.76,565.85,1403740800,10475.39,597.56,568.45
6806388.19,652.54,593.19,1404000000,10831.36,643.19,597.56
7972354.61,652.1,604.58,1404259200,12396.22,623.96,643.19
5324152.6,629.44,607.32,1404518400,8478.03,613.6,623.96
6178553.21,624.95,609.35,1404777600,9877.22,618.39,613.6
5231315.76,638.64,616.11,1405036800,8260.66,628.03,618.39
5785027.13,628.99,614.15,1405296000,9244.23,614.8,628.03
6448182.82,634.14,610.01,1405555200,10227.83,627.04,614.8
5108344.23,628.81,615.02,1405814400,8114.38,622.53,627.04
7861209.47,624.99,597.4,1406073600,12830.95,600.5,622.53
5605622.31,602.98,578.14,1406332800,9340.59,587.93,600.5
8418327.37,593.73,564.01,1406592000,14345.65,589.52,587.93
7387672.47,603.99,580.62,1406851200,12311.13,588.94,589.52
6263142.15,595.09,585.44,1407110400,10510.59,589.77,588.94
4201780.03,608.2,587.41,1407369600,7028.4,589.52,589.77
4203691.01,596.64,561.98,1407628800,7232.37,567.66,589.52
10675728.76,573.51,483.21,1407888000,20466.4,496.45,567.66
6532022.23,524.71,449.95,1408147200,13392.35,462.18,496.45
8398155.27,537.17,455.8,1408406400,16652.6,517.94,462.18
6007836.05,524.44,493.98,1408665600,11691.13,509.71,517.94
5223046.23,527.37,499.71,1408924800,10053.86,515.23,509.71
5521349.69,521.59,503.12,1409184000,10738.72,505.96,515.23
9535519.23,508.34,470.54,1409443200,19631.9,478.94,505.96
10377123.62,498.47,476.26,1409702400,20985.47,483.65,478.94
7587383.73,491.38,469.5,1409961600,15493.98,475.69,483.65
10674756.79,491.04,467.52,1410220800,21871.67,478.49,475.69
7116131.15,480.64,471.14,1410480000,14625.86,477.74,478.49
9415279.56,479.28,458.27,1410739200,19657.21,461.09,477.74
15929292.31,462.26,386.1,1410998400,38182.71,411.53,461.09
17252370.74,445.51,394.52,1411257600,41876.06,436.86,411.53
20327852.92,439.19,399.7,1411516800,48107.81,404.46,436.86
17328526.33,407.07,372.63,1411776000,44356.98,376.77,404.46
18884379.88,395.18,371.2,1412035200,48952.87,375.14,376.77
23841880.77,378.22,294.92,1412294400,69695.1,322.86,375.14
31131607.92,351.64,303.05,1412553600,93114.96,350.87,322.86
28463908.23,384.61,347.57,1412812800,77928.21,361.22,350.87
24563091.36,407.74,352.25,1413072000,63670.25,397.1,361.22
23191353.75,398.84,371.56,1413331200,59838.27,380.48,397.1
9822020.07,395.71,373.58,1413590400,25326.78,380.39,380.48
14810156.24,388.24,353.48,1413849600,39315.06,355.78,380.39
16191515.66,360.87,341.53,1414108800,45654.77,348.67,355.78
11409259.77,356.35,334.72,1414368000,32298.16,335.12,348.67
14876825.29,350.38,320.74,1414627200,43899.41,325.43,335.12
13269448.85,332.85,319.81,1414886400,40445.02,327.96,325.43
15946424.32,351.61,326.52,1415145600,46505.14,341.87,327.96
15688437.74,374.67,339.8,1415404800,43620.79,367.15,341.87
46859616.11,480.45,361.87,1415664000,112520.2,428.72,367.15
24933405.32,430.18,367.97,1415923200,63410.18,385.61,428.72
28939859.86,412.33,371.95,1416182400,74562.08,381.43,385.61
21008231.04,383.03,343.8,1416441600,58395.48,352.01,381.43
31154502.77,395.73,352.64,1416700800,82295.61,376.43,352.01
30178646.52,383.25,358.37,1416960000,80844.38,377.59,376.43
43734607.99,389.3,372.21,1417219200,114414.51,378.61,377.59
28135912.66,384.87,366.24,1417478400,74121.15,369.84,378.61
18767505.59,380.33,366.39,1417737600,49874.41,376.47,369.84
33571051.51,377.36,343.82,1417996800,93878.28,347.94,376.47
34391053.37,367.13,337.8,1418256000,97474.3,348.24,347.94
25076129.79,351.59,328.88,1418515200,73092.84,330.22,348.24
51886598.6,335.67,303.4,1418774400,163566.37,317.78,330.22
28209774.08,335.26,316.05,1419033600,85953.15,330.84,317.78
20096310.27,339.32,316.3,1419292800,60979.41,318.99,330.84
20941907.15,332.88,310.5,1419552000,65051.97,316.53,318.99
20093453.15,321.61,308.28,1419811200,63629.08,318.24,316.53
22956603.6,321.36,284.89,1420070400,74915.69,287.13,318.24
45348415.28,289.94,255.87,1420329600,165701.88,282.27,287.13
20586679.8,296.06,277.28,1420588800,71774.32,287.97,282.27
15169424.55,289.25,263.3,1420848000,55220.92,269.33,287.97
81329970.7,269.1,157.29,1421107200,390846.72,209.78,269.33
30323562.99,222.63,191.71,1421366400,145820.04,210.62,209.78
24061221.63,229.32,203.42,1421625600,112247.15,228.17,210.62
29375459.47,248.88,224.84,1421884800,125112.3,248.16,228.17
55446949.43,310.91,241.36,1422144000,206163.11,263.27,248.16
39920619.31,267.66,220.36,1422403200,166483.98,231.84,263.27
27669131.64,242.51,209.71,1422662400,122333.61,238.86,231.84
36551276.24,247.48,214.35,1422921600,158963.85,216.52,238.86
27240074.11,231,215.65,1423180800,121325.2,223.67,216.52
54979408.95,225,214.44,1423440000,249566.94,218.83,223.67
70641231.28,261.25,217.3,1423699200,296158.93,258.64,218.83
99035681.91,264.57,226.56,1423958400,410870.04,243.2,258.64
60100332.46,247.76,231.7,1424217600,249300.3,244.52,243.2
43534670.68,247.32,231.33,1424476800,181325.08,238.82,244.52
31945276.35,240.25,233.5,1424736000,134000.98,236.53,238.82
65246477.58,260.65,235.7,1424995200,258545.68,257.94,236.53
105870145.71,287.06,256.15,1425254400,384907.13,271.92,257.94
77322398.06,280.84,262.81,1425513600,283156.39,274.91,271.92
103819672.26,300.96,271.31,1425772800,360349.11,291.37,274.91
83439191.28,297.66,286.08,1426032000,284644.45,287.21,291.37
52090318.3,294.01,279.3,1426291200,181514.16,290.41,287.21
120692028.51,292.46,247,1426550400,452445.32,260.93,290.41
42247288.59,270.42,254.02,1426809600,161118.25,268.57,260.93
91875271.03,271.01,234.84,1427068800,363977.08,246.37,268.57
51847327.9,254.69,243.52,1427328000,207093.01,252.02,246.37
58450847.57,252.81,236.55,1427587200,238204.08,244.15,252.02
55031015.19,256.53,239.57,1427846400,220182.35,254.48,244.15
30939831.2,261.45,250.31,1428105600,120477.35,254.97,254.48
53649380.38,255.6,237.62,1428364800,216632.17,243.32,254.97
43862445.96,244.11,231.3,1428624000,185218.14,235.85,243.32
66397909.41,236.75,214.27,1428883200,297568.21,222.97,235.85
42483037.8,229.53,220.56,1429142400,188350.88,223.35,222.97
33726101.21,235.27,221.58,1429401600,148711.57,233.73,223.35
44483850.22,238.4,229.06,1429660800,189796.14,231.09,233.73
59800837.22,242.65,214.14,1429920000,267960.68,228.96,231.09
54881955.64,240.01,222.03,1430179200,239099.22,235.77,228.96
36271156.53,243.58,231.73,1430438400,152930.57,239.99,235.77
59060093.25,243.2,228.24,1430697600,250648.1,230.03,239.99
57823081.5,247.87,228.33,1430956800,241341.39,241.4,230.03
34166035.33,244.82,238.23,1431216000,141249.01,241.58,241.4
48095829.23,243.91,232.36,1431475200,201473.36,237.2,241.58
25669633.69,237.78,231.46,1431734400,108627.75,232.64,237.2
31291183.62,236.65,231.27,1431993600,133561.87,235.38,232.64
33568544.62,242.39,234.56,1432252800,140395.38,240.98,235.38
26589233.68,241.79,235.58,1432512000,111489.26,237.29,240.98
27488618.2,238.41,231.59,1432771200,116303.5,233.22,237.29
42361593.89,233.99,220.97,1433030400,186859.27,225.74,233.22
34917877.81,227.86,222.15,1433289600,154864.34,225.29,225.74
30996234,229.91,222.21,1433548800,137101.84,228.57,225.29
30919608.58,231.36,227.51,1433808000,134480.82,229.88,228.57
25910401.53,235.51,229.01,1434067200,111648.42,233.75,229.88
75616580.85,258.48,233.29,1434326400,307558.61,247.38,233.75
52806884.88,251.95,238.7,1434585600,214116.52,244.98,247.38
27286543.84,248.6,240.94,1434844800,111167.99,243.76,244.98
30319164.4,244.51,239.05,1435104000,125087.95,242.95,243.76
46986258.31,257.54,241.83,1435363200,187235.75,256.97,242.95
59498618.53,268.73,253.09,1435622400,228471.66,254.88,256.97
30744190.24,274.14,252.44,1435881600,117976.4,270.14,254.88
37505177.22,277.48,263.18,1436140800,177478.14,268.64,270.14
59897930.57,298.76,265.13,1436400000,212046.95,291.97,268.64
97243320.13,315.88,276.85,1436659200,328167.58,286.96,291.97
68647066.57,292.92,271.17,1436918400,243024.53,279.62,286.96
36581182.8,282.53,243.24,1437177600,132135.85,277.68,279.62
35134837.53,281.05,273.12,1437436800,126684.75,275.52,277.68
42157981.95,293.28,274.26,1437696000,146999.79,291.77,275.52
49562970.36,296.68,285.4,1437955200,169450.02,288.37,291.77
37976578.69,289.89,276.3,1438214400,133431.18,280.47,288.37
35717087.9,285.66,275.93,1438473600,126407.38,284.3,280.47
32093502.9,285.45,274.28,1438732800,114359.59,277.89,284.3
50336314.64,278.92,257.42,1438992000,188587.45,263.3,277.89
43877085.44,271.5,261.28,1439251200,164582.86,263.44,263.3
42082840.16,267.22,254.57,1439510400,160271.02,257.12,263.44
91788823.8,259.93,214.29,1439769600,388208.71,226,257.12
51687707.57,238.03,221.04,1440028800,222835.85,229.54,226
94864410.43,232.7,196.26,1440288000,436329.64,220.51,229.54
55368818.19,234.81,218.79,1440547200,243719.38,231.64,220.51
31712257.09,233.09,224.2,1440806400,138055.37,229.47,231.64
40987428.34,231.45,225.36,1441065600,179459.54,226.2,229.47
41367191.04,243.64,225.75,1441324800,176314.19,239.86,226.2
48986425.93,246.38,236.49,1441584000,202805.79,237.41,239.86
35847228.54,241.02,233.32,1441843200,150085.1,235.6,237.41
37479742.84,242.83,225.96,1442102400,162209.23,229.53,235.6
37240494.5,235.17,225.05,1442361600,161142.35,232.21,229.53
27861012.71,233.35,225,1442620800,121049.07,226.33,232.21
43251954.65,235.84,224.07,1442880000,187271.88,233.76,226.33
32390636.45,237.58,231.84,1443139200,138003.19,232.5,233.76
40867279.05,240.39,232.37,1443398400,172086.68,235.93,232.5
34251704.53,239.52,234.7,1443657600,144130.74,238.58,235.93
41492549.59,277.58,236.41,1443916800,171938.89,246.14,238.58
36023185.72,247.28,241.34,1444176000,147327.22,244.04,246.14
29741253.35,248.26,242.89,1444435200,120775.9,245.35,244.04
51529687.63,256.76,243.11,1444694400,205099.08,254.44,245.35
69522843.08,275.41,253.93,1444953600,261285.66,261.67,254.44
51560003.5,272.17,259.89,1445212800,193209.79,267.11,261.67
61579331.43,283.05,266.8,1445472000,222608.89,282.56,267.11
84744158.23,298.43,279.62,1445731200,292975.35,294.66,282.56
129108447.78,334.92,294.02,1445990400,411817.23,327.12,294.66
134054037.49,365.75,304.6,1446249600,402639.44,359.28,327.12
514918358.37,492.8,354.58,1446508800,1242679.87,382.7,359.28
170324770.66,396.35,348.84,1446768000,452657.18,371.56,382.7
205048919.84,385.11,292.38,1447027200,599786.68,304.71,371.56
110437225.02,369.8,306.07,1447286400,332971,331.77,304.71
89845968.57,342.91,314.06,1447545600,273708.1,333.91,331.77
89828239.85,337.39,309.48,1447804800,274715.31,321.12,333.91
40407652.79,328.42,318.37,1448064000,124479.96,322.12,321.12
114879708.75,368.92,315.54,1448323200,339721.38,353.74,322.12
81489605.73,372.84,345.15,1448582400,227016.81,370.84,353.74
122615928.13,382.56,347.16,1448841600,334121.5,359.98,370.84
96931995.6,390.28,354.31,1449100800,262972.17,386.69,359.98
119714576.28,411.07,381.69,1449360000,302968.72,410.67,386.69
167518027.15,453.37,403.26,1449619200,394082.96,449.83,410.67
216805460.13,467.71,403.69,1449878400,494504.16,442,449.83
162592721.34,465.16,437.37,1450137600,356860.33,455.53,442
121069596.15,466.12,431.1,1450396800,266251,441.78,455.53
109993101.09,445.54,423.99,1450656000,251023.46,442.43,441.78
143913391.72,460.62,400.45,1450915200,330577.1,415.37,442.43
87401388.86,433.56,406.09,1451174400,206572.72,431.92,415.37
77381981.85,437.95,417.14,1451433600,180456.49,433.99,431.92
61000951.78,437.43,423.09,1451692800,141404.52,433.32,433.99
96455538.69,457.54,425,1451952000,218659.34,457.05,433.32
79339595.95,462.92,438.62,1452211200,175571.84,446.19,457.05
84797076.81,451.08,420.39,1452470400,193213.39,432.18,446.19
195306449.63,433.74,350.39,1452729600,498276.27,385.04,432.18
77428725.18,390.72,373.21,1452988800,201735.91,379.46,385.04
170687649.42,425.72,374.05,1453248000,425112.13,382.65,379.46
76471754.05,405.4,380.27,1453507200,193577.93,392.76,382.65
69399684.91,397.74,376.71,1453766400,177803.39,379.69,392.76
80366554.43,385.75,363.49,1454025600,213655.12,369.84,379.69
69118023.53,379.78,365.27,1454284800,185140.13,368.02,369.84
92451420.36,391.83,368.05,1454544000,241636.15,376.68,368.02
59621492.24,382.61,371.42,1454803200,158338.29,375.32,376.68
81681921.7,386.4,372.75,1455062400,213900.82,384.04,375.32
83062384.96,410.85,383.31,1455321600,207874.97,401.07,384.04
97827384.38,425.51,398,1455580800,235999.75,421.4,401.07
114612795.61,447.61,416.36,1455840000,264366.06,437.87,421.4
92520654.34,440.76,410.36,1456099200,216234.68,422.72,437.87
63877549.76,434.14,417.51,1456358400,149546.12,431.3,422.72
81266081.8,441.32,421.22,1456617600,187082.18,434.04,431.3
89499673.17,435.91,407.2,1456876800,211914.61,409.48,434.04
102400021.32,416.58,386.93,1457136000,253517.14,414.87,409.48
66354583.52,417.48,408.42,1457395200,160425.27,415.83,414.87
64587210.96,422.4,407.03,1457654400,155245.49,412.41,415.83
59209474.79,417.37,411.19,1457913600,142464.69,415.91,412.41
60672162.67,419.56,402.13,1458172800,146886.23,408.69,415.91
50738071.35,417.94,407.24,1458432000,122777.58,416.21,408.69
47588395.38,419.58,412.41,1458691200,114021.63,415.71,416.21
56244207.17,427.36,413.93,1458950400,133225.8,422.21,415.71
64063922.85,424.53,406.36,1459209600,154236.24,415.66,422.21
38581065.72,420.18,412.79,1459468800,92326.32,419.06,415.66
45129062.95,423.67,416.21,1459728000,106990.91,421.26,419.06
47303214.95,423.51,412.39,1459987200,112428.84,418.05,421.26
49761026.58,426.69,416.69,1460246400,117399.46,424.74,418.05
52437324.57,429.49,421.41,1460505600,122872.98,428.67,424.74
37449658.94,432,423.79,1460764800,87182.75,427.69,428.67
80537656.44,450.8,426.84,1461024000,183164.73,449.34,427.69
75207638.16,461.78,441.9,1461283200,166503.38,457.56,449.34
110605608.72,468.86,444.62,1461542400,240020.2,447.01,457.56
72629355.86,456.86,433.9,1461801600,162093.7,448.53,447.01
64993756.17,454.21,440.21,1462060800,145349.91,450.27,448.53
67564687.16,461.48,444.22,1462320000,149758.03,459.56,450.27
49259227.11,464.18,454.6,1462579200,106990.32,460.44,459.56
67638054.09,462.14,446.81,1462838400,149144.45,454.43,460.44
33833234.83,460.28,451.49,1463097600,73947.1,458.11,454.43
47358327.3,459.57,450.73,1463356800,103836.79,454.22,458.11
58254959.9,455.19,435.42,1463616000,130816.01,443.64,454.22
43414987.74,447.9,436.94,1463875200,97851.3,446.11,443.64
97942420.04,479.22,445.35,1464134400,211106.76,474.05,446.11
197587177.83,548.04,467.05,1464393600,380270.69,532.26,474.05
128019771.26,546.92,513.15,1464652800,239364.46,537.1,532.26
147051822.39,592.68,534.34,1464912000,258181.95,574.91,537.1
114919775.58,591.32,543.63,1465171200,197981.22,580.51,574.91
79091883.79,592.61,569.26,1465430400,136332.23,591.6,580.51
381585528.3,718.24,592.79,1465689600,569759.64,685.14,591.6
383870576.24,771.89,670.45,1465948800,524060.55,743.9,685.14
220500591.87,776.04,717.41,1466208000,293260.83,733.97,743.9
450668351.45,732.23,539.28,1466467200,712142.93,620.84,733.97
252836046.28,688.1,609.9,1466726400,386080.85,625.41,620.84
164319061.03,659.27,615.22,1466985600,256689.72,636.54,625.41
167165340.23,700.46,631.24,1467244800,247811.64,698.06,636.54
146035656.7,701.49,644.04,1467504000,217816.1,663.67,698.06
178590453.56,678.39,604.95,1467763200,276550.26,662.78,663.67
110942641.15,663.49,620.68,1468022400,171211.72,646.71,662.78
117587460.75,673.19,644.56,1468281600,177746.61,657.25,646.71
68990024.2,680.94,655.72,1468540800,103056.16,676.33,657.25
74287796.07,680.42,659.51,1468800000,110534.84,664.4,676.33
84179393.67,669.44,645.69,1469059200,127944.16,655.16,664.4
74384479.77,664.21,643.49,1469318400,113586.89,654.38,655.16
55779035.63,659.08,646.04,1469577600,85042.12,655.43,654.38
93869120.51,657.55,603.55,1469836800,148902.42,607,655.43
148234818.26,613.75,471.36,1470096000,261667.45,576.22,607
46161254.73,596.68,565.33,1470355200,79470.03,590.85,576.22
59407873.28,600.52,580.87,1470614400,100420.98,590.94,590.85
50008156.3,599.15,582.2,1470873600,84630.18,584.59,590.94
59823150.74,585.8,559.28,1471132800,104526.28,580.19,584.59
51097847.55,581.1,566.25,1471392000,88680.65,574.56,580.19
41369223.24,591.9,572.28,1471651200,70838.58,587.47,574.56
53994860.25,589.87,570.81,1471910400,92873.01,577.96,587.47
30454431,582.73,567.25,1472169600,52679.98,574.98,577.96
43995004.43,579.94,571.38,1472428800,76277.01,573.88,574.98
51231434.13,704.97,569.3,1472688000,88184.08,598.84,573.88
48880407.92,615.2,590.78,1472947200,80301.27,610.44,598.84
58850066.9,629.3,606.24,1473206400,94695.38,623.16,610.44
49126399,630.77,592.79,1473465600,79768.13,607.98,623.16
45621923.09,612.16,604.87,1473724800,74446.86,608.11,607.98
33083150.63,612.38,604.52,1473984000,54071.23,610.7,608.11
48850618.73,612.41,591.69,1474243200,80706.55,597.16,610.7
37227213.29,605.92,592.83,1474502400,61836.18,602.59,597.16
40272803.11,608.97,598.17,1474761600,66329.3,605.47,602.59
41423726.68,608.78,602.01,1475020800,68209.83,608.14,605.47
33974938.6,615,607.07,1475280000,55413.27,611.6,608.14
42937566.85,613.65,606.5,1475539200,70020.19,610.97,611.6
36955592.6,619.56,609.12,1475798400,59776.18,615.77,610.97
68205021.2,642.51,612.76,1476057600,107949.55,635.99,615.77
44473163.1,641.4,630.66,1476316800,69417.65,637.03,635.99
41774548.75,642.18,632.23,1476576000,65175.38,635.34,637.03
53467691.92,637.27,624.09,1476835200,84320.97,630.45,635.34
60298546.71,661.2,629.72,1477094400,92247.56,650.49,630.45
87991250.78,687.88,647.65,1477353600,130970.72,682.3,650.49
92973999.28,720.19,678.63,1477612800,132325.15,697.27,682.3
104593370.81,735.78,682.17,1477872000,145154.73,733.51,697.27
118385204.69,744.43,670.4,1478131200,166663.56,702.11,733.51
68423173.46,714.63,697.63,1478390400,96285.92,710.9,702.11
93866731.51,741.23,707.13,1478649600,129609.1,714.97,710.9
71540936.46,717.37,685.01,1478908800,101490.86,704.56,714.97
134810399.05,751.91,697.91,1479168000,183742.79,737.53,704.56
83819424.01,755.34,712.77,1479427200,112757.27,728.51,737.53
85494081.06,754.01,726.55,1479686400,114818.97,741.07,728.51
65513769.79,744.24,725.62,1479945600,88664.45,734.14,741.07
64919967.66,738.29,727.11,1480204800,88039.29,732.56,734.14
118794907.22,779.02,730.57,1480464000,156524.49,770.94,732.56
84071936.86,772.32,746.01,1480723200,108774.48,754.34,770.94
74461681.4,773.41,750.91,1480982400,97075.38,768.49,754.34
46040244.92,776.96,763,1481241600,59334.98,767.91,768.49
67664222.84,790.33,767.77,1481500800,86650.84,776.5,767.91
60751279.81,791.57,773.12,1481760000,77413.12,787.17,776.5
59170748.51,800.02,783.8,1482019200,74473.41,799.1,787.17
205725631.75,920.26,795.98,1482278400,238075.22,917.17,799.1
113752912.32,920.49,851.42,1482537600,127300.94,898.38,917.17
179005086.94,982.57,893.38,1482796800,188102.03,971.08,898.38
134399474.18,1001.61,927.4,1483056000,139547.64,995.44,971.08
292708567.08,1148.54,990.2,1483315200,276011.81,1135.41,995.44
537037490.32,1150.63,806.66,1483574400,564961.89,888.87,1135.41
174905728.37,936.13,870.91,1483833600,193194.95,904.37,888.87
326736687.3,917.65,739.55,1484092800,404540.27,824.83,904.37
84192116.27,838.9,808.27,1484352000,101832.08,827.34,824.83
185615934.24,913.67,825.04,1484611200,209907.03,895.21,827.34
116050606.71,938.38,878.9,1484870400,127171.01,918.84,895.21
117744831.96,927.98,883.63,1485129600,129520.93,894.41,918.84
72550674.41,922.56,893.49,1485388800,79076.05,918.51,894.41
79687757.33,967.45,911.51,1485648000,84784.67,965.49,918.51
157100744.9,1023.72,959.82,1485907200,157759.05,1013.02,965.49
104904849.79,1041.04,1000.41,1486166400,102539.93,1024.67,1013.02
255493987.13,1073.03,924.65,1486425600,251444.63,978.96,1024.67
103968629.57,1014.32,947.02,1486684800,105202.77,996.52,978.96
96164690.15,1013.8,975.1,1486944000,95805.68,1008.19,996.52
113786625.04,1063.21,1007.39,1487203200,109154.02,1052.28,1008.19
114745171.44,1123.03,1037.67,1487462400,106012.87,1119.03,1052.28
256288631.53,1211.74,1092.41,1487721600,221821.29,1176.49,1119.03
130789455.15,1195.82,1116.21,1487980800,112094.13,1188.83,1176.49
220377269.46,1286.98,1154.55,1488240000,180225.67,1255.47,1188.83
166579170.14,1291.35,1228.73,1488499200,131123.92,1271.22,1255.47
264607961.21,1280.89,1136.88,1488758400,216624.16,1146.97,1271.22
376650301.44,1330.42,988.69,1489017600,321080.29,1179.22,1146.97
183876677.44,1255.52,1160.9,1489276800,150015.08,1243.14,1179.22
397775492.87,1260.24,1063.48,1489536000,340104.7,1071.71,1243.14
384733436.89,1103.61,940.18,1489795200,378300.48,1047.51,1071.71
280680631.91,1125.53,997.78,1490054400,264395.24,1035.03,1047.51
331693903.41,1038.38,890.43,1490313600,344976.72,969.44,1035.03
247161308.08,1068.41,961.8,1490572800,240109.84,1041.9,969.44
229197881.76,1103.74,1020.93,1490832000,216631.18,1086.12,1041.9
270888835.7,1161.19,1074.21,1491091200,240478.96,1141.77,1086.12
257702217.82,1201.55,1110.06,1491350400,221573.52,1190.49,1141.77
142365017.29,1215.1,1166.65,1491609600,118544.76,1206.71,1190.49
178719525.83,1229.57,1150.29,1491868800,148229.94,1176.2,1206.71
112546032.43,1195.4,841.53,1492128000,94532.36,1176.8,1176.2
174030183.74,1218.21,1172.81,1492387200,142578.21,1215.2,1176.8
177498590.55,1256.97,1210.67,1492646400,140353.47,1240.89,1215.2
160165001.35,1272.62,1223.06,1492905600,125036.03,1264.31,1240.89
265505823.5,1356.15,1263,1493164800,198249.55,1329.62,1264.31
255866792.5,1448.68,1309.66,1493424000,182050.65,1415.81,1329.62
438978901.93,1609.84,1394.83,1493683200,288433.48,1516.76,1415.81
392471029.92,1588.11,1485.01,1493942400,251336.83,1554.45,1516.76
550060955.49,1766.18,1552.86,1494201600,324135.38,1752.31,1554.45
519379093.19,1864.76,1594.59,1494460800,293818.12,1763.74,1752.31
341752736.66,1802.75,1653.72,1494720000,196418.49,1729.34,1763.74
498379986.3,1980.49,1703.97,1494979200,266473.36,1962,1729.34
713866225.19,2264.76,1944.4,1495238400,343014,2124.41,1962
1227842143.79,2781.76,2110.78,1495497600,511873.04,2307.22,2124.41
1154142832.4,2616.52,1868.56,1495756800,539451.33,2189.02,2306.96
735393758.97,2337.35,2117.34,1496016000,330948.9,2303.34,2189.02
667004400.25,2582.77,2303.34,1496275200,276681.38,2545.43,2303.34
913445171.65,2931.24,2478.18,1496534400,338393.59,2870.5,2545.43
790465620.73,2880.95,2623.61,1496793600,285141.44,2811.43,2870.5
1073545252.71,2985.06,2483.63,1497052800,387505.97,2656.77,2811.43
1369034922.15,2803.72,2125.56,1497312000,553714.65,2442.46,2656.77
768568645.81,2690.71,2335.28,1497571200,305158.94,2539.56,2442.46
823641482.88,2804.41,2518.78,1497830400,309166.38,2677.62,2539.56
593629482.16,2759.66,2540.35,1498089600,222199.88,2590.05,2677.62
1004108370.59,2660.66,2309.63,1498348800,412062.07,2583.75,2590.05
655404804.34,2616.95,2469.54,1498608000,258749.41,2480.61,2583.75
538746190.2,2617.48,2375.86,1498867200,217495.45,2572.47,2480.61
599248755.88,2658.73,2562.04,1499126400,230549.71,2614.24,2572.47
465648137.22,2617.48,2480.62,1499385600,184118.66,2511.43,2614.24
896364202.22,2530.34,2262.08,1499644800,379950.64,2403.09,2511.43
787053850.93,2436.66,1974.03,1499904000,357895.11,1975.08,2403.09
1197874508.88,2400.74,1808.99,1500163200,569152.16,2320.23,1975.08
1694210870.43,2932.81,2243.13,1500422400,658411.37,2675.08,2320.23
870909485.56,2876.71,2658.59,1500681600,313156.96,2763.42,2675.08
1145111473.66,2779.08,2441.54,1500940800,445218.62,2691.88,2763.42
837232207.02,2843.78,2621.68,1501200000,306114.2,2766.49,2691.88
818587374.8,2946.02,2659.62,1501459200,296106.92,2720.53,2766.49
888054995.77,3344.01,2717.62,1501718400,296266.26,3262.8,2720.53
856675571.02,3494.87,3166.52,1501977600,255712.94,3429.38,3262.8
911218634.36,3706.48,3251.03,1502236800,265627.51,3654.37,3429.38
1649377583.61,4336.71,3611.36,1502496000,410640.54,4327.94,3654.37
1900033819.28,4487.5,3837.13,1502755200,451958.73,4278.92,4327.94
1354814913.56,4362.73,3957.46,1503014400,328286.07,4066.6,4278.92
1427172143.22,4255.62,3612.21,1503273600,356432.5,4141.09,4066.6
867060653.59,4461.71,4111.71,1503532800,201420.01,4352.3,4141.09
965934396.62,4647.83,4195.23,1503792000,218803.45,4597.31,4352.3
1143587907.8,4925.23,4491.79,1504051200,242777.99,4921.85,4597.31
1955065673.98,4976.52,4098.58,1504310400,433993.03,4267.45,4921.85
1503503946.21,4690.55,4004.62,1504569600,339873.17,4635.6,4267.45
1570259511.09,4699.59,4032.15,1504828800,365526.6,4245.89,4635.6
1557041564.36,4387.76,3752.01,1505088000,382340.12,3870.29,4245.89
3264972058.8,3930.69,2979.88,1505347200,935506.1,3698.92,3870.29
1427086975.12,4122.75,3485.83,1505606400,367209.97,3907.96,3698.92
1300620738.39,4053.04,3505.81,1505865600,346487.29,3600.83,3907.96
823897872.11,3971.5,3563.18,1506124800,217676.78,3932.83,3600.83
1115750079.8,4274.64,3858.75,1506384000,273076.54,4195.65,3932.83
957881850.19,4412.62,4030.37,1506643200,225881.44,4403.09,4195.65
940092715.55,4477.38,4183.57,1506902400,217150.74,4218.66,4403.09
718125223.21,4472.92,4143.35,1507161600,165508.21,4435.81,4218.66
1317368499.97,4930,4419.36,1507420800,280043.72,4763.36,4435.81
2398644617.63,5852.78,4718.6,1507680000,449417.76,5637.26,4763.36
1354727004.53,5862.69,5448.22,1507939200,239220.25,5759.33,5637.26
1493155352.44,5773.32,5114.87,1508198400,270713.83,5698.65,5759.25
2033370687.03,6187.2,5611.39,1508457600,341835.33,5982.86,5698.62
2198837825,6048.98,5375.64,1508716800,386715.69,5734,5982.86
1341559418.6,5997.83,5654.8,1508976000,230841.22,5726.61,5734
2086430078.9,6467.2,5679.37,1509235200,342929.68,6451.24,5726.61
3653946672.94,7445.62,6355,1509494400,526874.87,7152.12,6449.1
2710784998.92,7599.44,6934.73,1509753600,372018.35,6959.23,7146.98
3265309808.08,7869.1,6957.8,1510012800,448038.85,7129.59,6959.27
4020683567.76,7318.97,5493.64,1510272000,627553.12,5878.13,7129.59
2692820496.04,7330.06,5828.34,1510531200,405963.21,7283.22,5878.09
2498851797.45,8000.19,7119.17,1510790400,325666.95,7780.91,7283.02
2097091063.88,8368.36,7675.41,1511049600,259776.77,8099.97,7781.02
1690872927.43,8332.94,7900.17,1511308800,206817.01,8200.8,8099.92
2526159276.18,9733.61,8153.7,1511568000,277465.18,9733.2,8203.45
5120331083.64,11417.84,8938.7,1511827200,508089.08,9946.76,9732.63
3684155903.13,11851.09,9420.93,1512086400,340870.06,11246.21,9947.08
4543736321.79,13843.2,10917.81,1512345600,374437.77,13749.57,11244.2
11756116263.1,17294.85,13151.47,1512604800,765850.49,14843.42,13750.09
7784444350.05,17560.65,13031,1512864000,494191.22,17083.9,14839.98
7032221019.06,17987.03,15669.86,1513123200,416976.53,17604.85,17083.9
6940966788.39,19870.62,17318.54,1513382400,368833.74,18972.32,17594.08
9547757248.63,19021.97,14952.98,1513641600,565954.52,15632.12,18971.19
11166072356.04,15823.72,10875.71,1513900800,819567.28,13789.95,15632.12
5849296360.45,16514.59,13010.71,1514160000,389316.52,15416.64,13789.95
6546807491.18,15505.51,11962.09,1514419200,471306.7,12531.52,15416.34
4506447045.35,15306.13,12359.43,1514678400,327427.93,14754.13,12532.38
5544910689.58,17126.95,14244.67,1514937600,359472.63,16954.78,14754.09
4888603002.17,17252.85,13902.31,1515196800,305388.32,14976.17,16954.76
5885380239.21,15390.28,12825.95,1515456000,415486.82,13308.06,14976.17
3536236066.46,14595.04,12851.91,1515715200,254904.95,13638.63,13308.06
8680092808.3,14355.82,9205.38,1515974400,758424.57,11162.7,13638.63
5114849270.98,13031.04,10642.33,1516233600,434888.73,12783.94,11162.7
5074928464.52,12787.35,9980.5,1516492800,455019.31,10858.23,12783.54
3907635065.76,11741.92,10346.86,1516752000,351473.42,11104.2,10853.78
2990081047.52,12064.19,10879.2,1517011200,259504.73,11233.95,11104.34
4916106039.6,11263.7,8726.95,1517270400,495252.22,9114.72,11234.32
5435451810.37,9504.37,7786.2,1517529600,626431.35,8218.05,9114.73
8091511026.13,8572.68,5968.36,1517788800,1109162.15,7592.72,8218.05
4291669395.99,9081.49,7590.48,1518048000,510936.79,8569.29,7593.78
2953014169.76,8997.34,7862.31,1518307200,346850.7,8544.69,8569.32
3949359545.32,10303.14,8542.98,1518566400,408035.99,10188.73,8544.69
4174161038.97,11288.34,10074.07,1518825600,386335.99,11182.28,10188.73
5419016822.22,11802.23,9757.19,1519084800,501229.74,9847.96,11182.28
3437025864.39,10528,9329.44,1519344000,347073.89,9610.11,9847.96
3368644648.16,11067.76,9411.82,1519603200,322623.65,10334.44,9610.11
2617580735.89,11530.66,10247.56,1519862400,236907.29,11465.36,10334.44
2692280422.01,11694.15,10589.28,1520121600,239216.45,10735.45,11465.36
5432726627.67,10913.7,8393.45,1520380800,571537.45,9252.76,10735.45
3895144640.28,9907.41,8484.32,1520640000,420246.84,9142.15,9252.76
4133979260.57,9486.12,7698.47,1520899200,482909.23,8268.41,9142.27
3520249004.45,8616.63,7318.46,1521158400,440125.77,8215.4,8267.95
3589651559.46,9184.51,8129.66,1521417600,413774.4,8911.35,8215.5
2790947015.93,9107,8307.58,1521676800,319468.61,8548.06,8911.37
2667437245.56,8690.36,7752.3,1521936000,325158.71,7808.48,8548.39
3621567488.43,8117.79,6595.26,1522195200,498234.29,6853.76,7808.42
2554149710.43,8218.66,6463.54,1522454400,367383.71,7074.6,6853.75
2559671755.57,7528.97,6602.38,1522713600,361144.19,6790.45,7074.65
1596360001.09,7132.03,6526.67,1522972800,232448.16,7049.92,6790.45
1776535982.41,7204.28,6633.69,1523232000,257371.86,6977.13,7049.92
3199482172.24,8237.16,6791.33,1523491200,409620.71,8022.51,6977.04
1864880262.24,8437.03,7858.12,1523750400,228437.42,7921.63,8022.51
2175594747.98,8945.14,7908.92,1524009600,260601.84,8877.08,7921.65
1993148829.51,9047.82,8631.18,1524268800,223744.02,8968.25,8877.15
1020406579.63,9470.84,8957.68,1524528000,109645.12,9453.1,8967.86
